Workbook
Name Month: 'Рес.план'!$L$1

Sheet Рес.план
G1: Новые строки не вставлять. Вписывать в свободную строку снизу и ее перетаскивать при необходимости. | K1: max мес.факт> | L1: =IFERROR(__xludf.DUMMYFUNCTION("IMPORTRANGE(""https://docs.google.com/spreadsheets/d/1kEC_HJgReNpnVSEf-kbl8yf-9pL9ditjS0XzOedL4eE/edit?gid=1277221272#gid=1277221272"",""Предагрегат!N4"")"),"#REF!") -> #REF! | M1: Год: | N1: =index('Команда'!U1:CU1,match(N2,'Команда'!U2:CU2,0)) -> #REF! | O1: =index('Команда'!V1:CV1,match(O2,'Команда'!V2:CV2,0)) -> #REF! | P1: =index('Команда'!W1:CW1,match(P2,'Команда'!W2:CW2,0)) -> #REF! | Q1: {=index('Команда'!X1:CW1,match(Q2,'Команда'!X2:CW2,0))} -> #REF! | R1: {=index('Команда'!Y1:CW1,match(R2,'Команда'!Y2:CW2,0))} -> #REF! | S1: {=index('Команда'!Z1:CW1,match(S2,'Команда'!Z2:CW2,0))} -> #REF! | T1: {=index('Команда'!AA1:CW1,match(T2,'Команда'!AA2:CW2,0))} -> #REF! | U1: {=index('Команда'!AB1:CW1,match(U2,'Команда'!AB2:CW2,0))} -> #REF! | V1: {=index('Команда'!AC1:CW1,match(V2,'Команда'!AC2:CW2,0))} -> #REF! | W1: {=index('Команда'!AD1:CW1,match(W2,'Команда'!AD2:CW2,0))} -> #REF! | X1: {=index('Команда'!AE1:CW1,match(X2,'Команда'!AE2:CW2,0))} -> #REF! | Y1: {=index('Команда'!AF1:CW1,match(Y2,'Команда'!AF2:CW2,0))} -> #REF! | Z1: 15 | AA1: 19 | AB1: 21 | AC1: 22 | AD1: 19 | AE1: 21 | AF1: 23 | AG1: 21 | AH1: 22 | AI1: 22 | AJ1: 20 | AK1: 22 | AL1: <<Рабочих дней
A2: A/D | B2: Роль | C2: Пул | D2: Тип | E2: Ответственный | F2: Верх.стрим | G2: Стрим | H2: Задача | I2: PM | J2: Сотрудник | K2: in? | L2: Sum | M2: 2026 | N2: 45658 | O2: 45689 | P2: 45717 | Q2: 45748 | R2: 45778 | S2: 45809 | T2: 45839 | U2: 45870 | V2: 45901 | W2: 45931 | X2: 45962 | Y2: 45992 | Z2: 46023 | AA2: 46054 | AB2: 46082 | AC2: 46113 | AD2: 46143 | AE2: 46174 | AF2: 46204 | AG2: 46235 | AH2: 46266 | AI2: 46296 | AJ2: 46327 | AK2: 46357
A3: D | B3: SD ACRM | C3: ПП | D3: fix | E3: ACRM | F3: ACRM FIX | G3: ACRM FIX (Борисевич) | H3: ACRM FIX (Борисевич) | I3: Яковлева Елена | J3: Алексеев Георгий | K3: =if(H3="","",NOT(ISNA(VLOOKUP(J3,'Команда'!G:G,1,false)))) -> TRUE | L3: =if(H3="","",sumifs(N3:BO3,N$2:BO$2,">"&$L$1)) -> 0 | M3: {=IF(H3="","",SUMif(year(N$2:BO$2),M$2,N3:BO3))} -> 0 | N3: 15.88 | O3: 14.5 | P3: 4.87 | Q3: 11
A4: D | B4: SD ACRM | C4: ПП | D4: fix | E4: ACRM | F4: ACRM Support | G4: ACRM Support (Борисевич) | H4: ACRM Support (Борисевич) | I4: Яковлева Елена | J4: Алексеев Георгий | K4: =if(H4="","",NOT(ISNA(VLOOKUP(J4,'Команда'!G:G,1,false)))) -> TRUE | L4: =if(H4="","",sumifs(N4:BO4,N$2:BO$2,">"&$L$1)) -> 0 | M4: {=IF(H4="","",SUMif(year(N$2:BO$2),M$2,N4:BO4))} -> 0 | N4: 0.63 | O4: 3.5 | P4: 5 | Q4: 5
A5: A | B5: STL | C5: ПП | D5: t&m | E5: Жигалова | F5: Жигалова T&M | G5: Тригкред (Жигалова) | H5: Тригкред (Жигалова) | I5: Ярошевич Анжела | J5: Альмухаметова Татьяна | K5: =if(H5="","",NOT(ISNA(VLOOKUP(J5,'Команда'!G:G,1,false)))) -> TRUE | L5: =if(H5="","",sumifs(N5:BO5,N$2:BO$2,">"&$L$1)) -> 0 | M5: {=IF(H5="","",SUMif(year(N$2:BO$2),M$2,N5:BO5))} -> 247 | N5: 17 | O5: 20 | P5: 21 | Q5: 22 | R5: 18 | S5: 19 | T5: 20 | U5: 21 | V5: 22 | W5: 13 | X5: 9 | Y5: 22 | Z5: 15 | AA5: 19 | AB5: 21 | AC5: 22 | AD5: 19 | AE5: 21 | AF5: 23 | AG5: 21 | AH5: 22 | AI5: 22 | AJ5: 20 | AK5: 22
A6: D | B6: AN5 | C6: ПП | D6: fix | E6: Горшенина+Яковлева | F6: Горшенина+Яковлева FIX | G6: ЕИС FIX (Горшенина) | H6: ЕИС FIX (Горшенина) | I6: Бакулевская Алина | J6: Анисимов Николай | K6: =if(H6="","",NOT(ISNA(VLOOKUP(J6,'Команда'!G:G,1,false)))) -> TRUE | L6: =if(H6="","",sumifs(N6:BO6,N$2:BO$2,">"&$L$1)) -> 0 | M6: {=IF(H6="","",SUMif(year(N$2:BO$2),M$2,N6:BO6))} -> 117 | N6: 17 | O6: 20 | P6: 21 | Q6: 22 | R6: 18 | S6: 19 | T6: 23 | U6: 21 | V6: 22 | W6: 23 | X6: 19 | Y6: 22 | Z6: 15 | AA6: 19 | AB6: 21 | AC6: 22 | AD6: 19 | AE6: 21
A7: PM | B7: PM | C7: ПП | D7: fix | E7: Горшенина+Яковлева | F7: Горшенина+Яковлева FIX | G7: ЕИС FIX (Горшенина) | H7: ЕИС FIX (Горшенина) | I7: Бакулевская Алина | J7: Бакулевская Алина | K7: =if(H7="","",NOT(ISNA(VLOOKUP(J7,'Команда'!G:G,1,false)))) -> TRUE | L7: =if(H7="","",sumifs(N7:BO7,N$2:BO$2,">"&$L$1)) -> 0 | M7: {=IF(H7="","",SUMif(year(N$2:BO$2),M$2,N7:BO7))} -> 117 | N7: 17 | O7: 20 | P7: 21 | Q7: 22 | R7: 18 | S7: 19 | T7: 23 | U7: 21 | V7: 22 | W7: 23 | X7: 19 | Y7: 22 | Z7: 15 | AA7: 19 | AB7: 21 | AC7: 22 | AD7: 19 | AE7: 21
A8: A | B8: jAn ACRM ACRM | C8: ПП | D8: fix | E8: ACRM | F8: ACRM Импортозамещение | G8: ACRM Импортозамещение (Борисевич) | H8: ACRM Импортозамещение (Борисевич) | I8: Яковлева Елена | J8: Баранова Анастасия | K8: =if(H8="","",NOT(ISNA(VLOOKUP(J8,'Команда'!G:G,1,false)))) -> TRUE | L8: =if(H8="","",sumifs(N8:BO8,N$2:BO$2,">"&$L$1)) -> 0 | M8: {=IF(H8="","",SUMif(year(N$2:BO$2),M$2,N8:BO8))} -> 247 | N8: 10.7 | O8: 17.4 | P8: 18 | Q8: 21 | R8: 17.6 | S8: 8.55 | T8: 0.7 | U8: 8 | V8: 1.8 | Y8: 22 | Z8: 15 | AA8: 19 | AB8: 21 | AC8: 22 | AD8: 19 | AE8: 21 | AF8: 23 | AG8: 21 | AH8: 22 | AI8: 22 | AJ8: 20 | AK8: 22
A9: A | B9: STL2 | C9: ПП | D9: t&m | E9: Забияка | F9: Забияка T&M | G9: Управленческая отчетность сети РБ\ЗП (Забияка) | H9: Управленческая отчетность сети РБ\ЗП (Забияка) | I9: Ярошевич Анжела | J9: Болотова Алина | K9: =if(H9="","",NOT(ISNA(VLOOKUP(J9,'Команда'!G:G,1,false)))) -> TRUE | L9: =if(H9="","",sumifs(N9:BO9,N$2:BO$2,">"&$L$1)) -> 0 | M9: {=IF(H9="","",SUMif(year(N$2:BO$2),M$2,N9:BO9))} -> 0 | N9: 13 | O9: 19 | P9: 18 | Q9: 22 | R9: 13 | S9: 19 | T9: 16 | U9: 11 | V9: 22 | W9: 18 | X9: 19 | Y9: 11
A10: A | B10: AN5 | C10: ПП | D10: t&m | E10: Забияка | F10: Забияка T&M | G10: Мотивация сети РБ\ЗП (Забияка) | H10: Мотивация сети РБ\ЗП (Забияка) | I10: Ярошевич Анжела | J10: Ефименко Алёна | K10: =if(H10="","",NOT(ISNA(VLOOKUP(J10,'Команда'!G:G,1,false)))) -> TRUE | L10: =if(H10="","",sumifs(N10:BO10,N$2:BO$2,">"&$L$1)) -> 0 | M10: {=IF(H10="","",SUMif(year(N$2:BO$2),M$2,N10:BO10))} -> 0 | N10: 5
A11: D | B11: AN5 | C11: ПП | D11: fix | E11: Горшенина+Яковлева | F11: Горшенина+Яковлева FIX | G11: ЕИС FIX (Горшенина) | H11: ЕИС FIX (Горшенина) | I11: Бакулевская Алина | J11: Болдин-Илюхин Иван | K11: =if(H11="","",NOT(ISNA(VLOOKUP(J11,'Команда'!G:G,1,false)))) -> TRUE | L11: =if(H11="","",sumifs(N11:BO11,N$2:BO$2,">"&$L$1)) -> 0 | M11: {=IF(H11="","",SUMif(year(N$2:BO$2),M$2,N11:BO11))} -> 117 | N11: 17 | O11: 20 | P11: 21 | Q11: 22 | R11: 18 | S11: 19 | T11: 23 | U11: 21 | V11: 22 | W11: 23 | X11: 19 | Y11: 22 | Z11: 15 | AA11: 19 | AB11: 21 | AC11: 22 | AD11: 19 | AE11: 21
A12: D | B12: SD | C12: ПП | D12: fix | E12: Дворников | F12: Дворников FIX | G12: Миграция DWH на GP+Airflow FIX (Дворников) | H12: Миграция DWH на GP+Airflow FIX (Дворников) | I12: Клименко Алексей | J12: Куликовский Олег | K12: =if(H12="","",NOT(ISNA(VLOOKUP(J12,'Команда'!G:G,1,false)))) -> TRUE | L12: =if(H12="","",sumifs(N12:BO12,N$2:BO$2,">"&$L$1)) -> 0 | M12: {=IF(H12="","",SUMif(year(N$2:BO$2),M$2,N12:BO12))} -> 0 | N12: 17 | O12: 20 | P12: 21
A13: A | B13: STL2 | C13: ПП | D13: t&m | E13: Забияка | F13: Забияка T&M | G13: Мотивация сети РБ\ЗП (Забияка) | H13: Мотивация сети РБ\ЗП (Забияка) | I13: Ярошевич Анжела | J13: Пичугин Владислав | K13: =if(H13="","",NOT(ISNA(VLOOKUP(J13,'Команда'!G:G,1,false)))) -> TRUE | L13: =if(H13="","",sumifs(N13:BO13,N$2:BO$2,">"&$L$1)) -> 0 | M13: {=IF(H13="","",SUMif(year(N$2:BO$2),M$2,N13:BO13))} -> 0 | N13: 17 | O13: 20 | P13: 21 | Q13: 14 | R13: 18 | S13: 19 | T13: 23 | U13: 21 | V13: 22 | W13: 23 | X13: 9
A14: D | B14: An | C14: ПП | D14: t&m | E14: Шахов | F14: Шахов T&M | G14: PUMA (Шахов) | H14: PUMA (Каменецких) | I14: Иванюк Полина | J14: Бутков Евгений | K14: =if(H14="","",NOT(ISNA(VLOOKUP(J14,'Команда'!G:G,1,false)))) -> TRUE | L14: =if(H14="","",sumifs(N14:BO14,N$2:BO$2,">"&$L$1)) -> 0 | M14: {=IF(H14="","",SUMif(year(N$2:BO$2),M$2,N14:BO14))} -> 34 | U14: 8 | V14: 21 | W14: 16 | X14: 13 | Y14: 22 | Z14: 15 | AA14: 19
A15: D | B15: STL3 | C15: ПП | D15: t&m | E15: Маточкин | F15: Маточкин T&M | G15: Отчетность СБ (Маточкин) | H15: Отчетность СБ (Маточкин) | I15: Максимова Анастасия | J15: Плахов Игорь | K15: =if(H15="","",NOT(ISNA(VLOOKUP(J15,'Команда'!G:G,1,false)))) -> TRUE | L15: =if(H15="","",sumifs(N15:BO15,N$2:BO$2,">"&$L$1)) -> 0 | M15: {=IF(H15="","",SUMif(year(N$2:BO$2),M$2,N15:BO15))} -> 247 | N15: 17 | O15: 19 | P15: 21 | Q15: 22 | R15: 18 | S15: 19 | T15: 23 | U15: 21 | V15: 22 | W15: 23 | X15: 19 | Y15: 22 | Z15: 15 | AA15: 19 | AB15: 21 | AC15: 22 | AD15: 19 | AE15: 21 | AF15: 23 | AG15: 21 | AH15: 22 | AI15: 22 | AJ15: 20 | AK15: 22
A16: A | B16: SAn | C16: ПП | D16: t&m | E16: Маточкин | F16: Маточкин T&M | G16: Отчетность СБ (Маточкин) | H16: Отчетность СБ (Маточкин) | I16: Максимова Анастасия | J16: Тимофейчик Роман | K16: =if(H16="","",NOT(ISNA(VLOOKUP(J16,'Команда'!G:G,1,false)))) -> TRUE | L16: =if(H16="","",sumifs(N16:BO16,N$2:BO$2,">"&$L$1)) -> 0 | M16: {=IF(H16="","",SUMif(year(N$2:BO$2),M$2,N16:BO16))} -> 247 | N16: 17 | O16: 20 | P16: 21 | Q16: 22 | R16: 18 | S16: 19 | T16: 23 | U16: 21 | V16: 22 | W16: 23 | X16: 19 | Y16: 22 | Z16: 15 | AA16: 19 | AB16: 21 | AC16: 22 | AD16: 19 | AE16: 21 | AF16: 23 | AG16: 21 | AH16: 22 | AI16: 22 | AJ16: 20 | AK16: 22
A17: D | B17: Arch ACRM | C17: ПП | D17: fix | E17: ACRM | F17: ACRM FIX | G17: ACRM FIX (Борисевич) | H17: ACRM FIX (Борисевич) | I17: Яковлева Елена | J17: Морозов Дмитрий | K17: =if(H17="","",NOT(ISNA(VLOOKUP(J17,'Команда'!G:G,1,false)))) -> TRUE | L17: =if(H17="","",sumifs(N17:BO17,N$2:BO$2,">"&$L$1)) -> 0 | M17: {=IF(H17="","",SUMif(year(N$2:BO$2),M$2,N17:BO17))} -> 0 | P17: 4.6 | Q17: 5.5 | R17: 1.8 | S17: 4.2 | T17: 3.9 | U17: 5.2 | V17: 7.3 | W17: 5.75 | X17: 4.75 | Y17: 5.5
A18: D | B18: Arch ACRM | C18: ПП | D18: fix | E18: ACRM | F18: ACRM Support | G18: ACRM Support (Борисевич) | H18: ACRM Support (Борисевич) | I18: Яковлева Елена | J18: Морозов Дмитрий | K18: =if(H18="","",NOT(ISNA(VLOOKUP(J18,'Команда'!G:G,1,false)))) -> TRUE | L18: =if(H18="","",sumifs(N18:BO18,N$2:BO$2,">"&$L$1)) -> 0 | M18: {=IF(H18="","",SUMif(year(N$2:BO$2),M$2,N18:BO18))} -> 0 | W18: 6 | X18: 7 | Y18: 7
A19: D | B19: SD ACRM | C19: ПП | D19: fix | E19: ACRM | F19: ACRM Support | G19: ACRM Support (Борисевич) | H19: ACRM Support (Борисевич) | I19: Яковлева Елена | J19: Никитин Владимир | K19: =if(H19="","",NOT(ISNA(VLOOKUP(J19,'Команда'!G:G,1,false)))) -> TRUE | L19: =if(H19="","",sumifs(N19:BO19,N$2:BO$2,">"&$L$1)) -> 0 | M19: {=IF(H19="","",SUMif(year(N$2:BO$2),M$2,N19:BO19))} -> 0 | N19: 0.88 | O19: 0.13 | Q19: 1
A20: D | B20: SD ACRM | C20: ПП | D20: fix | E20: ACRM | F20: ACRM Импортозамещение | G20: ACRM Импортозамещение (Борисевич) | H20: ACRM Импортозамещение (Борисевич) | I20: Яковлева Елена | J20: Никитин Владимир | K20: =if(H20="","",NOT(ISNA(VLOOKUP(J20,'Команда'!G:G,1,false)))) -> TRUE | L20: =if(H20="","",sumifs(N20:BO20,N$2:BO$2,">"&$L$1)) -> 0 | M20: {=IF(H20="","",SUMif(year(N$2:BO$2),M$2,N20:BO20))} -> 0 | Q20: 5.5 | R20: 9 | S20: 9.5 | T20: 11.5 | U20: 10.5 | V20: 11 | W20: 8
A21: PM | B21: TL3 | C21: ПП | D21: t&m | E21: Жалненков | F21: Жалненков T&M | G21: DMDC (Жалненков) | H21: DMDC (Жалненков) | I21: Иванюк Полина | J21: Веденичев Игорь | K21: =if(H21="","",NOT(ISNA(VLOOKUP(J21,'Команда'!G:G,1,false)))) -> TRUE | L21: =if(H21="","",sumifs(N21:BO21,N$2:BO$2,">"&$L$1)) -> 0 | M21: {=IF(H21="","",SUMif(year(N$2:BO$2),M$2,N21:BO21))} -> 34 | W21: 21 | X21: 8 | Y21: 8 | Z21: 15 | AA21: 19
A22: PM | B22: TL3 | C22: ПП | D22: t&m | E22: Матвейкина | F22: Матвейкина T&M | G22: АСУ Налоги (Матвейкина) | H22: АСУ Налоги | I22: Веденичев Игорь | J22: Веденичев Игорь | K22: =if(H22="","",NOT(ISNA(VLOOKUP(J22,'Команда'!G:G,1,false)))) -> TRUE | L22: =if(H22="","",sumifs(N22:BO22,N$2:BO$2,">"&$L$1)) -> 0 | M22: {=IF(H22="","",SUMif(year(N$2:BO$2),M$2,N22:BO22))} -> 16 | U22: 0.8 | V22: 2 | W22: 4 | X22: 4 | Y22: 4 | Z22: 4 | AA22: 4 | AB22: 4 | AC22: 4
A23: D | B23: jD ACRM | C23: ПП | D23: fix | E23: ACRM | F23: ACRM Импортозамещение | G23: ACRM Импортозамещение (Борисевич) | H23: ACRM Импортозамещение (Борисевич) | I23: Яковлева Елена | J23: Рогов Юрий | K23: =if(H23="","",NOT(ISNA(VLOOKUP(J23,'Команда'!G:G,1,false)))) -> TRUE | L23: =if(H23="","",sumifs(N23:BO23,N$2:BO$2,">"&$L$1)) -> 0 | M23: {=IF(H23="","",SUMif(year(N$2:BO$2),M$2,N23:BO23))} -> 0
A24: A | B24: jAn1 | C24: ПП | D24: t&m | E24: Шергунов | F24: Шергунов T&M | G24: Доработки ALM (Трифонова) | H24: Доработки ALM (Трифонова) | I24: Ярошевич Анжела | J24: Великоборец Мария | K24: =if(H24="","",NOT(ISNA(VLOOKUP(J24,'Команда'!G:G,1,false)))) -> TRUE | L24: =if(H24="","",sumifs(N24:BO24,N$2:BO$2,">"&$L$1)) -> 0 | M24: {=IF(H24="","",SUMif(year(N$2:BO$2),M$2,N24:BO24))} -> 247 | N24: 17 | O24: 19 | P24: 21 | Q24: 22 | R24: 18 | S24: 19 | T24: 13 | U24: 21 | V24: 22 | W24: 18 | X24: 19 | Y24: 22 | Z24: 15 | AA24: 19 | AB24: 21 | AC24: 22 | AD24: 19 | AE24: 21 | AF24: 23 | AG24: 21 | AH24: 22 | AI24: 22 | AJ24: 20 | AK24: 22
A25: A | B25: AN5 | C25: ПП | D25: fix | E25: Горшенина+Яковлева | F25: Горшенина+Яковлева FIX | G25: Горшенина+Яковлева агрегатор (FIX) | H25: Горшенина+Яковлева агрегатор (FIX) | I25: Максимова Анастасия | J25: Волков Никита | K25: =if(H25="","",NOT(ISNA(VLOOKUP(J25,'Команда'!G:G,1,false)))) -> TRUE | L25: =if(H25="","",sumifs(N25:BO25,N$2:BO$2,">"&$L$1)) -> 0 | M25: {=IF(H25="","",SUMif(year(N$2:BO$2),M$2,N25:BO25))} -> 117 | S25: 19 | T25: 23 | U25: 21 | V25: 22 | W25: 23 | X25: 19 | Y25: 22 | Z25: 15 | AA25: 19 | AB25: 21 | AC25: 22 | AD25: 19 | AE25: 21
A26: A | B26: SAn | C26: ПП | D26: t&m | E26: Герасимов | F26: Герасимов T&M | G26: Mass Управленческая отчетность (Герасимов) | H26: Mass Управленческая отчетность (Герасимов) | I26: Максимова Анастасия | J26: Пронин Владимир | K26: =if(H26="","",NOT(ISNA(VLOOKUP(J26,'Команда'!G:G,1,false)))) -> TRUE | L26: =if(H26="","",sumifs(N26:BO26,N$2:BO$2,">"&$L$1)) -> 0 | M26: {=IF(H26="","",SUMif(year(N$2:BO$2),M$2,N26:BO26))} -> 247 | N26: 17 | O26: 20 | P26: 21 | Q26: 17 | R26: 18 | S26: 9 | T26: 23 | U26: 21 | V26: 22 | W26: 18 | X26: 19 | Y26: 22 | Z26: 15 | AA26: 19 | AB26: 21 | AC26: 22 | AD26: 19 | AE26: 21 | AF26: 23 | AG26: 21 | AH26: 22 | AI26: 22 | AJ26: 20 | AK26: 22
A27: D | B27: SD | C27: ПП | D27: t&m | E27: Герасимов | F27: Герасимов T&M | G27: Mass Управленческая отчетность (Герасимов) | H27: Mass Управленческая отчетность (Герасимов) | I27: Максимова Анастасия | J27: Гринченко Елена | K27: TRUE | L27: =if(H27="","",sumifs(N27:BO27,N$2:BO$2,">"&$L$1)) -> 0 | M27: {=IF(H27="","",SUMif(year(N$2:BO$2),M$2,N27:BO27))} -> 247 | N27: 17 | O27: 20 | P27: 21 | Q27: 17 | R27: 18 | S27: 9 | T27: 23 | U27: 21 | V27: 22 | W27: 18 | X27: 19 | Y27: 22 | Z27: 15 | AA27: 19 | AB27: 21 | AC27: 22 | AD27: 19 | AE27: 21 | AF27: 23 | AG27: 21 | AH27: 22 | AI27: 22 | AJ27: 20 | AK27: 22
A28: A | B28: STL (new) | C28: ПП | D28: t&m | E28: Герасимов | F28: Герасимов T&M | G28: Mass Управленческая отчетность (Герасимов) | H28: Mass Управленческая отчетность (Герасимов) | I28: Максимова Анастасия | J28: Романовская Жанна | K28: =if(H28="","",NOT(ISNA(VLOOKUP(J28,'Команда'!G:G,1,false)))) -> TRUE | L28: =if(H28="","",sumifs(N28:BO28,N$2:BO$2,">"&$L$1)) -> 0 | M28: {=IF(H28="","",SUMif(year(N$2:BO$2),M$2,N28:BO28))} -> 247 | N28: 17 | O28: 20 | P28: 21 | Q28: 22 | R28: 18 | S28: 14 | T28: 23 | U28: 21 | V28: 12 | W28: 18 | X28: 17 | Y28: 22 | Z28: 15 | AA28: 19 | AB28: 21 | AC28: 22 | AD28: 19 | AE28: 21 | AF28: 23 | AG28: 21 | AH28: 22 | AI28: 22 | AJ28: 20 | AK28: 22
A29: D | B29: STL5 | C29: ПП | D29: fix | E29: Дворников | F29: Дворников FIX | G29: Миграция DWH на GP+Airflow FIX (Дворников) | H29: Миграция DWH на GP+Airflow FIX (Дворников) | I29: Клименко Алексей | J29: Ушков Иван | K29: =if(H29="","",NOT(ISNA(VLOOKUP(J29,'Команда'!G:G,1,false)))) -> TRUE | L29: =if(H29="","",sumifs(N29:BO29,N$2:BO$2,">"&$L$1)) -> 0 | M29: {=IF(H29="","",SUMif(year(N$2:BO$2),M$2,N29:BO29))} -> 5 | N29: 3 | O29: 3 | P29: 3 | W29: 10 | X29: 9 | Y29: 10 | Z29: 2 | AA29: 3
A30: A | B30: SAN | C30: ПП | D30: t&m | E30: Забияка | F30: Забияка T&M | G30: Ускорение отчетности (Забияка) | H30: Ускорение отчетности (Забияка) | I30: Ярошевич Анжела | J30: Волченков Виталий | K30: =if(H30="","",NOT(ISNA(VLOOKUP(J30,'Команда'!G:G,1,false)))) -> TRUE | L30: =if(H30="","",sumifs(N30:BO30,N$2:BO$2,">"&$L$1)) -> 0 | M30: {=IF(H30="","",SUMif(year(N$2:BO$2),M$2,N30:BO30))} -> 55 | N30: 17 | O30: 19 | P30: 20 | Q30: 17 | R30: 17 | S30: 19 | T30: 18 | U30: 21 | V30: 22 | W30: 13 | X30: 17 | Y30: 19 | Z30: 15 | AA30: 19 | AB30: 21
A31: A | B31: MAn2 | C31: ПП | D31: fix | E31: Аронова | F31: Аронова FIX | G31: Миграция RWA FIX (Аронова) | H31: Миграция RWA FIX (Аронова) | I31: Клименко Алексей | J31: Габдуллин Адель | K31: =if(H31="","",NOT(ISNA(VLOOKUP(J31,'Команда'!G:G,1,false)))) -> TRUE | L31: =if(H31="","",sumifs(N31:BO31,N$2:BO$2,">"&$L$1)) -> 0 | M31: {=IF(H31="","",SUMif(year(N$2:BO$2),M$2,N31:BO31))} -> 34 | Z31: 15 | AA31: 19
A32: A | B32: STL | C32: ПП | D32: t&m | E32: Овсянников | F32: Овсянников T&M | G32: Финансы (Овсянников) | H32: Финансы (Овсянников) | I32: Иванюк Полина | J32: Гиряев Антон | K32: =if(H32="","",NOT(ISNA(VLOOKUP(J32,'Команда'!G:G,1,false)))) -> TRUE | L32: =if(H32="","",sumifs(N32:BO32,N$2:BO$2,">"&$L$1)) -> 0 | M32: {=IF(H32="","",SUMif(year(N$2:BO$2),M$2,N32:BO32))} -> 34 | N32: 16.99 | O32: 13.8 | P32: 19.71 | Q32: 22 | R32: 15 | S32: 18 | T32: 22 | U32: 11 | V32: 20 | W32: 22 | X32: 19 | Y32: 21 | Z32: 15 | AA32: 19
A33: A | B33: SAn ACRM | C33: ПП | D33: t&m | E33: ACRM | F33: ACRM T&M | G33: ACRM Задачи T&M (Борисевич) | H33: ACRM Задачи T&M (Борисевич) | I33: Ярошевич Анжела | J33: Цуба Виктория | K33: =if(H33="","",NOT(ISNA(VLOOKUP(J33,'Команда'!G:G,1,false)))) -> TRUE | L33: =if(H33="","",sumifs(N33:BO33,N$2:BO$2,">"&$L$1)) -> 0 | M33: {=IF(H33="","",SUMif(year(N$2:BO$2),M$2,N33:BO33))} -> 0 | N33: 19.88 | O33: 15.94 | P33: 5.6 | Q33: 7
A34: A | B34: AN ACRM | C34: ПП | D34: fix | E34: ACRM | F34: ACRM FIX | G34: ACRM FIX (Борисевич) | H34: ACRM FIX (Борисевич) | I34: Яковлева Елена | J34: Часовская Алина | K34: =if(H34="","",NOT(ISNA(VLOOKUP(J34,'Команда'!G:G,1,false)))) -> TRUE | L34: =if(H34="","",sumifs(N34:BO34,N$2:BO$2,">"&$L$1)) -> 0 | M34: {=IF(H34="","",SUMif(year(N$2:BO$2),M$2,N34:BO34))} -> 0 | N34: 7 | O34: 6.4 | P34: 4.6 | Q34: 0.7 | S34: 4.2 | T34: 20.2 | U34: 8.4 | V34: 9.7 | W34: 11.5 | X34: 9.5 | Y34: 11
A35: A | B35: Indiv AN | C35: ПП | D35: t&m | E35: Шергунов | F35: Шергунов T&M | G35: РКТ (Иванова) | H35: РКТ (Иванова) | I35: Ярошевич Анжела | J35: Гродзь Анастасия | K35: =if(H35="","",NOT(ISNA(VLOOKUP(J35,'Команда'!G:G,1,false)))) -> TRUE | L35: =if(H35="","",sumifs(N35:BO35,N$2:BO$2,">"&$L$1)) -> 0 | M35: {=IF(H35="","",SUMif(year(N$2:BO$2),M$2,N35:BO35))} -> 55 | V35: 12 | W35: 23 | X35: 19 | Y35: 22 | Z35: 15 | AA35: 19 | AB35: 21
A36: A | B36: STL | C36: ПП | D36: t&m | E36: Мельник | F36: Мельник T&M | G36: VoC T&M (Мельник) | H36: VoC T&M (Мельник) | I36: Иванюк Полина | J36: Гусева Жанна | K36: =if(H36="","",NOT(ISNA(VLOOKUP(J36,'Команда'!G:G,1,false)))) -> TRUE | L36: =if(H36="","",sumifs(N36:BO36,N$2:BO$2,">"&$L$1)) -> 0 | M36: {=IF(H36="","",SUMif(year(N$2:BO$2),M$2,N36:BO36))} -> 34 | Z36: 15 | AA36: 19
A37: D | B37: STL | C37: ПП | D37: fix | E37: Дворников | F37: Дворников FIX | G37: Миграция DWH на GP+Airflow FIX (Дворников) | H37: Миграция DWH на GP+Airflow FIX (Дворников) | I37: Клименко Алексей | J37: Даровская Анастасия | K37: =if(H37="","",NOT(ISNA(VLOOKUP(J37,'Команда'!G:G,1,false)))) -> TRUE | L37: =if(H37="","",sumifs(N37:BO37,N$2:BO$2,">"&$L$1)) -> 0 | M37: {=IF(H37="","",SUMif(year(N$2:BO$2),M$2,N37:BO37))} -> 44 | N37: 17 | O37: 20 | P37: 21 | Q37: 22 | R37: 18 | W37: 23 | X37: 19 | Y37: 22 | Z37: 15 | AA37: 19 | AB37: 5 | AC37: 5
A38: D | B38: SD ACRM | C38: ПП | D38: fix | E38: ACRM | F38: ACRM Импортозамещение | G38: ACRM Импортозамещение (Борисевич) | H38: ACRM Импортозамещение (Борисевич) | I38: Яковлева Елена | J38: Молоденов Константин | K38: =if(H38="","",NOT(ISNA(VLOOKUP(J38,'Команда'!G:G,1,false)))) -> TRUE | L38: =if(H38="","",sumifs(N38:BO38,N$2:BO$2,">"&$L$1)) -> 0 | M38: {=IF(H38="","",SUMif(year(N$2:BO$2),M$2,N38:BO38))} -> 0 | N38: 12.6 | O38: 14 | P38: 13.2 | Q38: 20 | R38: 15 | S38: 14 | T38: 18.6 | U38: 18.9 | V38: 15.4
A39: A | B39: jD ACRM | C39: ПП | D39: fix | E39: ACRM | F39: ACRM Импортозамещение | G39: ACRM Импортозамещение (Борисевич) | H39: ACRM Импортозамещение (Борисевич) | I39: Яковлева Елена | J39: Алексеев Андрей | K39: =if(H39="","",NOT(ISNA(VLOOKUP(J39,'Команда'!G:G,1,false)))) -> TRUE | L39: =if(H39="","",sumifs(N39:BO39,N$2:BO$2,">"&$L$1)) -> 0 | M39: {=IF(H39="","",SUMif(year(N$2:BO$2),M$2,N39:BO39))} -> 0 | N39: 14.38 | O39: 19.31 | P39: 13.31 | Q39: 20.2 | R39: 14.4 | S39: 15.4 | T39: 2.8 | U39: 3.6 | V39: 15.4 | W39: 23
A40: BI | B40: MD | C40: BI | D40: t&m | E40: Мельник | F40: Мельник T&M | G40: VoC T&M (Мельник) | H40: VoC T&M (Мельник) | I40: Иванюк Полина | J40: Сорокина Дания | K40: =if(H40="","",NOT(ISNA(VLOOKUP(J40,'Команда'!G:G,1,false)))) -> TRUE | L40: =if(H40="","",sumifs(N40:BO40,N$2:BO$2,">"&$L$1)) -> 0 | M40: {=IF(H40="","",SUMif(year(N$2:BO$2),M$2,N40:BO40))} -> 0 | N40: 1.64 | O40: 8.42 | P40: 5.97 | Q40: 3.5 | R40: 1 | S40: 1.38 | U40: 3.64 | V40: 1 | W40: 1 | X40: 1 | Y40: 1
A41: D | B41: SD ACRM | C41: ПП | D41: fix | E41: ACRM | F41: ACRM FIX | G41: ACRM FIX (Борисевич) | H41: ACRM FIX (Борисевич) | I41: Яковлева Елена | J41: Молоденов Константин | K41: =if(H41="","",NOT(ISNA(VLOOKUP(J41,'Команда'!G:G,1,false)))) -> TRUE | L41: =if(H41="","",sumifs(N41:BO41,N$2:BO$2,">"&$L$1)) -> 0 | M41: {=IF(H41="","",SUMif(year(N$2:BO$2),M$2,N41:BO41))} -> 0 | P41: 1.5
A42: A | B42: An | C42: ПП | D42: fix | E42: Дворников | F42: Дворников FIX | G42: Миграция DWH на GP+Airflow FIX (Дворников) | H42: Миграция DWH на GP+Airflow FIX (Дворников) | I42: Клименко Алексей | J42: Дворянкин Евгений | K42: =if(H42="","",NOT(ISNA(VLOOKUP(J42,'Команда'!G:G,1,false)))) -> TRUE | L42: =if(H42="","",sumifs(N42:BO42,N$2:BO$2,">"&$L$1)) -> 0 | M42: {=IF(H42="","",SUMif(year(N$2:BO$2),M$2,N42:BO42))} -> 28 | N42: 2 | O42: 5 | P42: 6 | Q42: 7 | R42: 6 | S42: 7 | T42: 12 | U42: 10 | V42: 11 | W42: 12 | X42: 11 | Y42: 11 | Z42: 8 | AA42: 10 | AB42: 5 | AC42: 5
A43: BI | B43: MD | C43: BI | D43: t&m | E43: Маточкин | F43: Маточкин T&M | G43: Отчетность СБ (Маточкин) | H43: Отчетность СБ (Маточкин) | I43: Иванюк Полина | J43: Сорокина Дания | K43: =if(H43="","",NOT(ISNA(VLOOKUP(J43,'Команда'!G:G,1,false)))) -> TRUE | L43: =if(H43="","",sumifs(N43:BO43,N$2:BO$2,">"&$L$1)) -> 0 | M43: {=IF(H43="","",SUMif(year(N$2:BO$2),M$2,N43:BO43))} -> 15 | N43: =N1*0.34 -> #REF! | O43: =O1*0.34 -> #REF! | P43: =P1*0.34 -> #REF! | Q43: =Q1*0.34 -> #REF! | R43: =R1*0.34 -> #REF! | S43: =S1*0.34 -> #REF! | T43: =T1*0.34 -> #REF! | U43: =U1*0.34 -> #REF! | V43: =V1*0.34 -> #REF! | W43: 11 | X43: 15 | Y43: 17 | Z43: 15
A44: BI | B44: MD | C44: BI | D44: t&m | E44: Гарьковенко | F44: Гарьковенко T&M | G44: КИБ (BI) (Гарьковенко) | H44: КИБ (BI) (Герасимов) | I44: Иванюк Полина | J44: Сорокина Дания | K44: =if(H44="","",NOT(ISNA(VLOOKUP(J44,'Команда'!G:G,1,false)))) -> TRUE | L44: =if(H44="","",sumifs(N44:BO44,N$2:BO$2,">"&$L$1)) -> 0 | M44: {=IF(H44="","",SUMif(year(N$2:BO$2),M$2,N44:BO44))} -> 0 | N44: =N1*0.33 -> #REF! | O44: =O1*0.33 -> #REF! | P44: =P1*0.33 -> #REF! | Q44: =Q1*0.33 -> #REF! | R44: =R1*0.33 -> #REF! | S44: =S1*0.33 -> #REF! | T44: =T1*0.33 -> #REF! | U44: =U1*0.33 -> #REF! | ... Y44: =Y1*0.33 -> #REF!
A45: A | B45: MAn | C45: ПП | D45: t&m | E45: Забияка | F45: Забияка T&M | G45: Мотивация сети РБ\ЗП (Забияка) | H45: Мотивация сети РБ\ЗП (Забияка) | I45: Ярошевич Анжела | J45: Локтионова Екатерина | K45: =if(H45="","",NOT(ISNA(VLOOKUP(J45,'Команда'!G:G,1,false)))) -> TRUE | L45: =if(H45="","",sumifs(N45:BO45,N$2:BO$2,">"&$L$1)) -> 0 | M45: {=IF(H45="","",SUMif(year(N$2:BO$2),M$2,N45:BO45))} -> 55 | N45: 17 | O45: 19 | P45: 21 | Q45: 22 | R45: 18 | S45: 9 | T45: 23 | U45: 21 | V45: 22 | W45: 18 | X45: 19 | Y45: 22 | Z45: 15 | AA45: 19 | AB45: 21
A46: A | B46: AN2 | C46: ПП | D46: t&m | E46: Герасимов | F46: Герасимов T&M | G46: Мотивация Mass (Герасимов) | H46: Мотивация Mass (Герасимов) | I46: Максимова Анастасия | J46: Козлова Анастасия | K46: =if(H46="","",NOT(ISNA(VLOOKUP(J46,'Команда'!G:G,1,false)))) -> TRUE | L46: =if(H46="","",sumifs(N46:BO46,N$2:BO$2,">"&$L$1)) -> 0 | M46: {=IF(H46="","",SUMif(year(N$2:BO$2),M$2,N46:BO46))} -> 0 | N46: 12 | O46: 20 | P46: 21 | Q46: 22 | R46: 18 | S46: 13 | T46: 19 | U46: 21 | V46: 17 | W46: 23 | X46: 19
A47: A | B47: An | C47: ПП | D47: fix | E47: Горшенина+Яковлева | F47: Горшенина+Яковлева FIX | G47: Горшенина+Яковлева агрегатор (FIX) | H47: Горшенина+Яковлева агрегатор (FIX) | I47: Максимова Анастасия | J47: Дворянкин Евгений | K47: =if(H47="","",NOT(ISNA(VLOOKUP(J47,'Команда'!G:G,1,false)))) -> TRUE | L47: =if(H47="","",sumifs(N47:BO47,N$2:BO$2,">"&$L$1)) -> 0 | M47: {=IF(H47="","",SUMif(year(N$2:BO$2),M$2,N47:BO47))} -> 89 | N47: 15 | O47: 15 | P47: 15 | Q47: 15 | R47: 12 | S47: 12 | T47: 11 | U47: 11 | V47: 11 | W47: 11 | X47: 8 | Y47: 11 | Z47: 7 | AA47: 9 | AB47: 16 | AC47: 17 | AD47: 19 | AE47: 21
A48: A | B48: AN5 | C48: ПП | D48: t&m | E48: Забияка | F48: Забияка T&M | G48: Премиум (Забияка) | H48: 77.Премиум (Забияка) | I48: Ярошевич Анжела | J48: Ефименко Алёна | K48: =if(H48="","",NOT(ISNA(VLOOKUP(J48,'Команда'!G:G,1,false)))) -> TRUE | L48: =if(H48="","",sumifs(N48:BO48,N$2:BO$2,">"&$L$1)) -> 0 | M48: {=IF(H48="","",SUMif(year(N$2:BO$2),M$2,N48:BO48))} -> 15 | N48: 12 | O48: 20 | P48: 21 | Q48: 12 | R48: 18 | S48: 19 | T48: 18 | U48: 21 | V48: 22 | W48: 23 | X48: 19 | Y48: 20 | Z48: 15
A49: A | B49: AN2 ACRM ACRM | C49: ПП | D49: t&m | E49: ACRM | F49: ACRM T&M | G49: ACRM Задачи T&M (Борисевич) | H49: ACRM Задачи T&M (Борисевич) | I49: Ярошевич Анжела | J49: Жакупов Марат | K49: =if(H49="","",NOT(ISNA(VLOOKUP(J49,'Команда'!G:G,1,false)))) -> TRUE | L49: =if(H49="","",sumifs(N49:BO49,N$2:BO$2,">"&$L$1)) -> 0 | M49: {=IF(H49="","",SUMif(year(N$2:BO$2),M$2,N49:BO49))} -> 55 | N49: 15 | O49: 20 | P49: 20.88 | Q49: 22 | R49: 18 | S49: 19 | T49: 23 | U49: 21 | V49: 22 | W49: 23 | X49: 19 | Y49: 22 | Z49: 15 | AA49: 19 | AB49: 21
A50: A | B50: STL | C50: DNK | D50: t&m | E50: Фатьков | F50: Фатьков T&M | G50: ППП (Фатьков) | H50: ППП (Мельник) | I50: Иванюк Полина | J50: Афанасьев Иван | K50: =if(H50="","",NOT(ISNA(VLOOKUP(J50,'Команда'!G:G,1,false)))) -> TRUE | L50: =if(H50="","",sumifs(N50:BO50,N$2:BO$2,">"&$L$1)) -> 0 | M50: {=IF(H50="","",SUMif(year(N$2:BO$2),M$2,N50:BO50))} -> 0 | N50: 15 | O50: 17 | P50: 21 | Q50: 4
A51: A | B51: MAn | C51: DIV | D51: t&m | E51: Герасимов | F51: Герасимов T&M | G51: Mass Управленческая отчетность (Герасимов) | H51: Mass Управленческая отчетность (Герасимов) | I51: Максимова Анастасия | J51: Козлов Данила | K51: =if(H51="","",NOT(ISNA(VLOOKUP(J51,'Команда'!G:G,1,false)))) -> TRUE | L51: =if(H51="","",sumifs(N51:BO51,N$2:BO$2,">"&$L$1)) -> 0 | M51: {=IF(H51="","",SUMif(year(N$2:BO$2),M$2,N51:BO51))} -> 0 | N51: 17 | O51: 19 | P51: 16 | Q51: 22 | R51: 18 | S51: 18 | T51: 21 | U51: 6 | V51: 21 | W51: 8
A52: A | B52: STL | C52: DIV | D52: t&m | E52: Герасимов | F52: Герасимов T&M | G52: Мотивация Mass (Герасимов) | H52: Мотивация Mass (Герасимов) | I52: Максимова Анастасия | J52: Гринев Тимофей | K52: =if(H52="","",NOT(ISNA(VLOOKUP(J52,'Команда'!G:G,1,false)))) -> TRUE | L52: =if(H52="","",sumifs(N52:BO52,N$2:BO$2,">"&$L$1)) -> 0 | M52: {=IF(H52="","",SUMif(year(N$2:BO$2),M$2,N52:BO52))} -> 247 | N52: 17 | O52: 20 | P52: 21 | Q52: 17 | R52: 18 | S52: 19 | T52: 13 | U52: 21 | V52: 22 | W52: 13 | X52: 19 | Y52: 22 | Z52: 15 | AA52: 19 | AB52: 21 | AC52: 22 | AD52: 19 | AE52: 21 | AF52: 23 | AG52: 21 | AH52: 22 | AI52: 22 | AJ52: 20 | AK52: 22
A53: A | B53: AN | C53: ПП | D53: t&m | E53: Герасимов | F53: Герасимов T&M | G53: Mass Управленческая отчетность (Герасимов) | H53: Mass Управленческая отчетность (Герасимов) | I53: Максимова Анастасия | J53: Васильев Феодосий | K53: =if(H53="","",NOT(ISNA(VLOOKUP(J53,'Команда'!G:G,1,false)))) -> TRUE | L53: =if(H53="","",sumifs(N53:BO53,N$2:BO$2,">"&$L$1)) -> 0 | M53: {=IF(H53="","",SUMif(year(N$2:BO$2),M$2,N53:BO53))} -> 247 | N53: 17 | O53: 20 | P53: 15 | Q53: 18 | R53: 18 | S53: 19 | T53: 13 | U53: 21 | V53: 22 | W53: 23 | X53: 19 | Y53: 22 | Z53: 15 | AA53: 19 | AB53: 21 | AC53: 22 | AD53: 19 | AE53: 21 | AF53: 23 | AG53: 21 | AH53: 22 | AI53: 22 | AJ53: 20 | AK53: 22
A54: A | B54: AN5 | C54: DIV | D54: t&m | E54: Тоцкий | F54: Тоцкий T&M | G54: Миграция Hadoop (Тоцкий) | H54: Миграция Hadoop | I54: Иванюк Полина | J54: Зобов Никита | K54: TRUE | L54: =if(H54="","",sumifs(N54:BO54,N$2:BO$2,">"&$L$1)) -> 0 | M54: {=IF(H54="","",SUMif(year(N$2:BO$2),M$2,N54:BO54))} -> 10 | U54: 4 | V54: 21 | W54: 13 | X54: 18 | Y54: 22 | Z54: 10
A55: A | B55: MAn ACRM | C55: ПП | D55: t&m | E55: ACRM | F55: ACRM T&M | G55: ACRM Задачи T&M (Борисевич) | H55: ACRM Задачи T&M (Борисевич) | I55: Ярошевич Анжела | J55: Палатова Татьяна | K55: =if(H55="","",NOT(ISNA(VLOOKUP(J55,'Команда'!G:G,1,false)))) -> TRUE | L55: =if(H55="","",sumifs(N55:BO55,N$2:BO$2,">"&$L$1)) -> 0 | M55: {=IF(H55="","",SUMif(year(N$2:BO$2),M$2,N55:BO55))} -> 0 | N55: 16.88 | O55: 18.88 | P55: 12.88 | Q55: 22 | R55: 18 | S55: 19 | T55: 23 | U55: 21
A56: A | B56: STL | C56: ПП | D56: t&m | E56: Шергунов | F56: Шергунов T&M | G56: СТЦ (Терентьев) | H56: СТЦ (Терентьев) | I56: Ярошевич Анжела | J56: Камышанов Денис | K56: =if(H56="","",NOT(ISNA(VLOOKUP(J56,'Команда'!G:G,1,false)))) -> TRUE | L56: =if(H56="","",sumifs(N56:BO56,N$2:BO$2,">"&$L$1)) -> 0 | M56: {=IF(H56="","",SUMif(year(N$2:BO$2),M$2,N56:BO56))} -> 0 | O56: 19 | P56: 21 | Q56: 22 | R56: 18 | S56: 19 | T56: 4
A57: A | B57: AN5 | C57: ПП | D57: t&m | E57: Забияка | F57: Забияка T&M | G57: Секьюритизация РБ (Забияка) | H57: Секьюритизация РБ (Забияка) | I57: Ярошевич Анжела | J57: Зык Любовь | K57: =if(H57="","",NOT(ISNA(VLOOKUP(J57,'Команда'!G:G,1,false)))) -> TRUE | L57: =if(H57="","",sumifs(N57:BO57,N$2:BO$2,">"&$L$1)) -> 0 | M57: {=IF(H57="","",SUMif(year(N$2:BO$2),M$2,N57:BO57))} -> 55 | Q57: 13 | R57: 18 | S57: 19 | T57: 14 | U57: 21 | V57: 22 | W57: 23 | X57: 19 | Y57: 22 | Z57: 15 | AA57: 19 | AB57: 21
A58: A | B58: STL2 | C58: DNK | D58: t&m | E58: Жигалова | F58: Жигалова T&M | G58: Тригкред (Жигалова) | H58: Тригкред (Жигалова) | I58: Ярошевич Анжела | J58: Зыкова Дарья | K58: =if(H58="","",NOT(ISNA(VLOOKUP(J58,'Команда'!G:G,1,false)))) -> TRUE | L58: =if(H58="","",sumifs(N58:BO58,N$2:BO$2,">"&$L$1)) -> 0 | M58: {=IF(H58="","",SUMif(year(N$2:BO$2),M$2,N58:BO58))} -> 247 | N58: 17 | O58: 20 | P58: 21 | Q58: 22 | R58: 18 | S58: 19 | T58: 13 | U58: 21 | V58: 22 | W58: 13 | X58: 9 | Y58: 20 | Z58: 15 | AA58: 19 | AB58: 21 | AC58: 22 | AD58: 19 | AE58: 21 | AF58: 23 | AG58: 21 | AH58: 22 | AI58: 22 | AJ58: 20 | AK58: 22
A59: A | B59: TL2 | C59: ПП | D59: t&m | E59: Шергунов | F59: Шергунов T&M | G59: Доработки ALM (Трифонова) | H59: Доработки ALM (Трифонова) | I59: Ярошевич Анжела | J59: Крашенинников Артем | K59: =if(H59="","",NOT(ISNA(VLOOKUP(J59,'Команда'!G:G,1,false)))) -> TRUE | L59: =if(H59="","",sumifs(N59:BO59,N$2:BO$2,">"&$L$1)) -> 0 | M59: {=IF(H59="","",SUMif(year(N$2:BO$2),M$2,N59:BO59))} -> 0 | N59: 17 | O59: 10
A60: A | B60: STL5 | C60: ПП | D60: fix | E60: Горшенина+Яковлева | F60: Горшенина+Яковлева FIX | G60: ЕИС FIX (Горшенина) | H60: ЕИС FIX (Горшенина) | I60: Бакулевская Алина | J60: Иванова Аделина | K60: =if(H60="","",NOT(ISNA(VLOOKUP(J60,'Команда'!G:G,1,false)))) -> TRUE | L60: =if(H60="","",sumifs(N60:BO60,N$2:BO$2,">"&$L$1)) -> 0 | M60: {=IF(H60="","",SUMif(year(N$2:BO$2),M$2,N60:BO60))} -> 117 | N60: 17 | O60: 14 | P60: 21 | Q60: 22 | R60: 18 | S60: 19 | T60: 23 | U60: 21 | V60: 22 | W60: 23 | X60: 19 | Y60: 22 | Z60: 15 | AA60: 19 | AB60: 21 | AC60: 22 | AD60: 19 | AE60: 21
A61: D | B61: STL | C61: ПП | D61: t&m | E61: Забияка | F61: Забияка T&M | G61: Ипотека (Забияка) | H61: Ипотека (Забияка) | I61: Ярошевич Анжела | J61: Исламов Рашид | K61: =if(H61="","",NOT(ISNA(VLOOKUP(J61,'Команда'!G:G,1,false)))) -> TRUE | L61: =if(H61="","",sumifs(N61:BO61,N$2:BO$2,">"&$L$1)) -> 0 | M61: {=IF(H61="","",SUMif(year(N$2:BO$2),M$2,N61:BO61))} -> 55 | N61: 17 | O61: 19 | P61: 21 | Q61: 22 | R61: 18 | S61: 19 | T61: 23 | U61: 16 | V61: 22 | W61: 13 | X61: 19 | Y61: 17 | Z61: 15 | AA61: 19 | AB61: 21
A62: D | B62: MD2 | C62: ПП | D62: t&m | E62: Матвейкина | F62: Матвейкина T&M | G62: АСУ Налоги (Матвейкина) | H62: АСУ Налоги | I62: Веденичев Игорь | J62: Каленик Елена | K62: =if(H62="","",NOT(ISNA(VLOOKUP(J62,'Команда'!G:G,1,false)))) -> TRUE | L62: =if(H62="","",sumifs(N62:BO62,N$2:BO$2,">"&$L$1)) -> 0 | M62: {=IF(H62="","",SUMif(year(N$2:BO$2),M$2,N62:BO62))} -> 55 | Y62: 22 | Z62: 15 | AA62: 19 | AB62: 21
A63: A | B63: jAn | C63: ПП | D63: fix | E63: Горшенина+Яковлева | F63: Горшенина+Яковлева FIX | G63: ЕИС FIX (Горшенина) | H63: ЕИС FIX (Горшенина) | I63: Бакулевская Алина | J63: Алёшин Семён | K63: =if(H63="","",NOT(ISNA(VLOOKUP(J63,'Команда'!G:G,1,false)))) -> TRUE | L63: =if(H63="","",sumifs(N63:BO63,N$2:BO$2,">"&$L$1)) -> 0 | M63: {=IF(H63="","",SUMif(year(N$2:BO$2),M$2,N63:BO63))} -> 0 | N63: 17 | O63: 20 | P63: 21 | Q63: 22 | R63: 18 | S63: 19
A64: A | B64: jAn | C64: ПП | D64: fix | E64: Горшенина+Яковлева | F64: Горшенина+Яковлева FIX | G64: Горшенина+Яковлева агрегатор (FIX) | H64: Горшенина+Яковлева агрегатор (FIX) | I64: Максимова Анастасия | J64: Аникушина Валерия | K64: =if(H64="","",NOT(ISNA(VLOOKUP(J64,'Команда'!G:G,1,false)))) -> TRUE | L64: =if(H64="","",sumifs(N64:BO64,N$2:BO$2,">"&$L$1)) -> 0 | M64: {=IF(H64="","",SUMif(year(N$2:BO$2),M$2,N64:BO64))} -> 23 | N64: 2 | O64: 3 | P64: 12 | Q64: 7 | R64: 2 | Z64: 5 | AA64: 4 | AB64: 5 | AC64: 5 | AD64: 4
A65: A | B65: AN5 | C65: ПП | D65: fix | E65: Горшенина+Яковлева | F65: Горшенина+Яковлева FIX | G65: ЕИС FIX (Горшенина) | H65: ЕИС FIX (Горшенина) | I65: Бакулевская Алина | J65: Касперович Данил | K65: =if(H65="","",NOT(ISNA(VLOOKUP(J65,'Команда'!G:G,1,false)))) -> TRUE | L65: =if(H65="","",sumifs(N65:BO65,N$2:BO$2,">"&$L$1)) -> 0 | M65: {=IF(H65="","",SUMif(year(N$2:BO$2),M$2,N65:BO65))} -> 117 | N65: 17 | O65: 20 | P65: 21 | Q65: 22 | R65: 18 | S65: 19 | T65: 23 | U65: 21 | V65: 22 | W65: 23 | X65: 19 | Y65: 22 | Z65: 15 | AA65: 19 | AB65: 21 | AC65: 22 | AD65: 19 | AE65: 21
A66: D | B66: jD | C66: ПП | D66: fix | E66: Дворников | F66: Дворников FIX | G66: Миграция DWH на GP+Airflow FIX (Дворников) | H66: Миграция DWH на GP+Airflow FIX (Дворников) | I66: Клименко Алексей | J66: Жовтяк Ярослав | K66: =if(H66="","",NOT(ISNA(VLOOKUP(J66,'Команда'!G:G,1,false)))) -> TRUE | L66: =if(H66="","",sumifs(N66:BO66,N$2:BO$2,">"&$L$1)) -> 0 | M66: {=IF(H66="","",SUMif(year(N$2:BO$2),M$2,N66:BO66))} -> 0 | N66: 17 | O66: 20 | P66: 21
A67: BI | B67: AN5 | C67: BI | D67: t&m | E67: Фатьков | F67: Фатьков T&M | G67: ППП (Фатьков) | H67: ППП (Мельник) | I67: Иванюк Полина | J67: Ковалева Эвелина | K67: =if(H67="","",NOT(ISNA(VLOOKUP(J67,'Команда'!G:G,1,false)))) -> TRUE | L67: =if(H67="","",sumifs(N67:BO67,N$2:BO$2,">"&$L$1)) -> 0 | M67: {=IF(H67="","",SUMif(year(N$2:BO$2),M$2,N67:BO67))} -> 15 | N67: 16 | O67: 14 | P67: 21 | Q67: 20 | R67: 17 | S67: 19 | T67: 23 | U67: 16 | V67: 21 | W67: 18 | X67: 19 | Y67: 22 | Z67: 15
A68: A | B68: SAN5 | C68: ПП | D68: t&m | E68: Матвейкина | F68: Матвейкина T&M | G68: АСУ Налоги (Матвейкина) | H68: АСУ Налоги | I68: Веденичев Игорь | J68: Коломиец Сергей | K68: =if(H68="","",NOT(ISNA(VLOOKUP(J68,'Команда'!G:G,1,false)))) -> TRUE | L68: =if(H68="","",sumifs(N68:BO68,N$2:BO$2,">"&$L$1)) -> 0 | M68: {=IF(H68="","",SUMif(year(N$2:BO$2),M$2,N68:BO68))} -> 77 | X68: 9 | Y68: 22 | Z68: 15 | AA68: 19 | AB68: 21 | AC68: 22
A69: BI | B69: MD | C69: BI | D69: t&m | E69: Забияка | F69: Забияка T&M | G69: Инвестиции (Забияка) | H69: Инвестиции (Забияка) | I69: Ярошевич Анжела | J69: Кондратьева Александра | K69: TRUE | L69: =if(H69="","",sumifs(N69:BO69,N$2:BO$2,">"&$L$1)) -> 0 | M69: {=IF(H69="","",SUMif(year(N$2:BO$2),M$2,N69:BO69))} -> 55 | N69: 15 | O69: 9 | P69: 18 | Q69: 12 | R69: 18 | S69: 14 | T69: 16 | U69: 17 | V69: 18 | W69: 14 | X69: 15 | Y69: 18 | Z69: 15 | AA69: 19 | AB69: 21
A70: D | B70: MD2 | C70: ПП | D70: fix | E70: Беднова | F70: Беднова FIX | G70: FIX Маскирование (Беднова) | H70: FIX Маскирование (Беднова) | I70: Клименко Алексей | J70: Каленик Елена | K70: =if(H70="","",NOT(ISNA(VLOOKUP(J70,'Команда'!G:G,1,false)))) -> TRUE | L70: =if(H70="","",sumifs(N70:BO70,N$2:BO$2,">"&$L$1)) -> 0 | M70: {=IF(H70="","",SUMif(year(N$2:BO$2),M$2,N70:BO70))} -> 0 | N70: 8 | O70: 10 | P70: 10
A71: D | B71: STL5 | C71: ПП | D71: fix | E71: Беднова | F71: Беднова FIX | G71: FIX Маскирование (Беднова) | H71: FIX Маскирование (Беднова) | I71: Клименко Алексей | J71: Ушков Иван | K71: =if(H71="","",NOT(ISNA(VLOOKUP(J71,'Команда'!G:G,1,false)))) -> TRUE | L71: =if(H71="","",sumifs(N71:BO71,N$2:BO$2,">"&$L$1)) -> 0 | M71: {=IF(H71="","",SUMif(year(N$2:BO$2),M$2,N71:BO71))} -> 0 | N71: 14 | O71: 17 | P71: 18
A72: D | B72: SD | C72: ПП | D72: fix | E72: Беднова | F72: Беднова FIX | G72: FIX Маскирование (Беднова) | H72: FIX Маскирование (Беднова) | I72: Клименко Алексей | J72: Никитин Владимир | K72: =if(H72="","",NOT(ISNA(VLOOKUP(J72,'Команда'!G:G,1,false)))) -> TRUE | L72: =if(H72="","",sumifs(N72:BO72,N$2:BO$2,">"&$L$1)) -> 0 | M72: {=IF(H72="","",SUMif(year(N$2:BO$2),M$2,N72:BO72))} -> 0 | N72: 12.5 | O72: 15 | P72: 15.5
A73: D | B73: AN5 | C73: ПП | D73: fix | E73: Беднова | F73: Беднова FIX | G73: FIX Маскирование (Беднова) | H73: FIX Маскирование (Беднова) | I73: Клименко Алексей | J73: Смехнов Ярослав | K73: =if(H73="","",NOT(ISNA(VLOOKUP(J73,'Команда'!G:G,1,false)))) -> TRUE | L73: =if(H73="","",sumifs(N73:BO73,N$2:BO$2,">"&$L$1)) -> 0 | M73: {=IF(H73="","",SUMif(year(N$2:BO$2),M$2,N73:BO73))} -> 5 | N73: 7 | O73: 20 | P73: 21 | Z73: 5
A74: D | B74: AN5 | C74: ПП | D74: fix | E74: Беднова | F74: Беднова FIX | G74: FIX Маскирование (Беднова) | H74: FIX Маскирование (Беднова) | I74: Клименко Алексей | J74: Петров Илья | K74: =if(H74="","",NOT(ISNA(VLOOKUP(J74,'Команда'!G:G,1,false)))) -> TRUE | L74: =if(H74="","",sumifs(N74:BO74,N$2:BO$2,">"&$L$1)) -> 0 | M74: {=IF(H74="","",SUMif(year(N$2:BO$2),M$2,N74:BO74))} -> 0 | N74: 17 | O74: 18 | P74: 21
A75: D | B75: MAn2 | C75: ПП | D75: fix | E75: Беднова | F75: Беднова FIX | G75: FIX Маскирование (Беднова) | H75: FIX Маскирование (Беднова) | I75: Клименко Алексей | J75: Кузьмин Руслан | K75: =if(H75="","",NOT(ISNA(VLOOKUP(J75,'Команда'!G:G,1,false)))) -> TRUE | L75: =if(H75="","",sumifs(N75:BO75,N$2:BO$2,">"&$L$1)) -> 0 | M75: {=IF(H75="","",SUMif(year(N$2:BO$2),M$2,N75:BO75))} -> 0 | N75: 17 | O75: 20 | P75: 21
A76: D | B76: MD2 | C76: ПП | D76: fix | E76: Горшенина+Яковлева | F76: Горшенина+Яковлева FIX | G76: Горшенина+Яковлева агрегатор (FIX) | H76: Горшенина+Яковлева агрегатор (FIX) | I76: Максимова Анастасия | J76: Каленик Елена | K76: =if(H76="","",NOT(ISNA(VLOOKUP(J76,'Команда'!G:G,1,false)))) -> TRUE | L76: =if(H76="","",sumifs(N76:BO76,N$2:BO$2,">"&$L$1)) -> 0 | M76: {=IF(H76="","",SUMif(year(N$2:BO$2),M$2,N76:BO76))} -> 0 | N76: 9 | O76: 10 | P76: 11
A77: D | B77: An | C77: ПП | D77: fix | E77: Горшенина+Яковлева | F77: Горшенина+Яковлева FIX | G77: Горшенина+Яковлева агрегатор (FIX) | H77: Горшенина+Яковлева агрегатор (FIX) | I77: Максимова Анастасия | J77: Бутков Евгений | K77: =if(H77="","",NOT(ISNA(VLOOKUP(J77,'Команда'!G:G,1,false)))) -> TRUE | L77: =if(H77="","",sumifs(N77:BO77,N$2:BO$2,">"&$L$1)) -> 0 | M77: {=IF(H77="","",SUMif(year(N$2:BO$2),M$2,N77:BO77))} -> 0 | N77: 17 | O77: 20
A78: D | B78: D | C78: ПП | D78: t&m | E78: Забияка | F78: Забияка T&M | G78: Управленческая отчетность сети РБ\ЗП (Забияка) | H78: Управленческая отчетность сети РБ\ЗП (Забияка) | I78: Ярошевич Анжела | J78: Ловягина Ирина | K78: =if(H78="","",NOT(ISNA(VLOOKUP(J78,'Команда'!G:G,1,false)))) -> TRUE | L78: =if(H78="","",sumifs(N78:BO78,N$2:BO$2,">"&$L$1)) -> 0 | M78: {=IF(H78="","",SUMif(year(N$2:BO$2),M$2,N78:BO78))} -> 0 | N78: 17 | O78: 19 | P78: 21 | Q78: 18 | R78: 18 | S78: 19 | T78: 13 | U78: 21 | V78: 22 | W78: 18 | X78: 19
A79: A | B79: AN5 | C79: DIV | D79: t&m | E79: Тоцкий | F79: Тоцкий T&M | G79: Миграция Hadoop (Тоцкий) | H79: Миграция Hadoop | I79: Иванюк Полина | J79: Кошелева Вера | K79: =if(H79="","",NOT(ISNA(VLOOKUP(J79,'Команда'!G:G,1,false)))) -> TRUE | L79: =if(H79="","",sumifs(N79:BO79,N$2:BO$2,">"&$L$1)) -> 0 | M79: {=IF(H79="","",SUMif(year(N$2:BO$2),M$2,N79:BO79))} -> 55 | V79: 17 | W79: 20 | X79: 19 | Y79: 22 | Z79: 15 | AA79: 19 | AB79: 21
A80: A | B80: MAn | C80: ПП | D80: t&m | E80: Забияка | F80: Забияка T&M | G80: Мотивация сети РБ\ЗП (Забияка) | H80: Мотивация сети РБ\ЗП (Забияка) | I80: Ярошевич Анжела | J80: Анисимова Дарья | K80: =if(H80="","",NOT(ISNA(VLOOKUP(J80,'Команда'!G:G,1,false)))) -> TRUE | L80: =if(H80="","",sumifs(N80:BO80,N$2:BO$2,">"&$L$1)) -> 0 | M80: {=IF(H80="","",SUMif(year(N$2:BO$2),M$2,N80:BO80))} -> 0 | N80: 17.07
A81: A | B81: STL | C81: ПП | D81: t&m | E81: Маточкин | F81: Маточкин T&M | G81: Отчетность СБ (Маточкин) | H81: Отчетность СБ (Маточкин) | I81: Максимова Анастасия | J81: Лешкевич Александра | K81: =if(H81="","",NOT(ISNA(VLOOKUP(J81,'Команда'!G:G,1,false)))) -> TRUE | L81: =if(H81="","",sumifs(N81:BO81,N$2:BO$2,">"&$L$1)) -> 0 | M81: {=IF(H81="","",SUMif(year(N$2:BO$2),M$2,N81:BO81))} -> 247 | N81: 17 | O81: 20 | P81: 21 | Q81: 22 | R81: 18 | S81: 19 | T81: 23 | U81: 21 | V81: 22 | W81: 23 | X81: 19 | Y81: 22 | Z81: 15 | AA81: 19 | AB81: 21 | AC81: 22 | AD81: 19 | AE81: 21 | AF81: 23 | AG81: 21 | AH81: 22 | AI81: 22 | AJ81: 20 | AK81: 22
A82: A | B82: STL1 | C82: ПП | D82: t&m | E82: Забияка | F82: Забияка T&M | G82: Разработка NRT для РБ (Забияка) | H82: Разработка NRT для РБ (Забияка) | I82: Ярошевич Анжела | J82: Кравченя Юлия | K82: =if(H82="","",NOT(ISNA(VLOOKUP(J82,'Команда'!G:G,1,false)))) -> TRUE | L82: =if(H82="","",sumifs(N82:BO82,N$2:BO$2,">"&$L$1)) -> 0 | M82: {=IF(H82="","",SUMif(year(N$2:BO$2),M$2,N82:BO82))} -> 55 | N82: 17 | O82: 19 | P82: 21 | Q82: 20 | R82: 18 | S82: 19 | T82: 13 | U82: 21 | V82: 22 | W82: 18 | X82: 19 | Y82: 22 | Z82: 15 | AA82: 19 | AB82: 21
A83: A | B83: jD ACRM | C83: ПП | D83: fix | E83: ACRM | F83: ACRM Support | G83: ACRM Support (Борисевич) | H83: ACRM Support (Борисевич) | I83: Яковлева Елена | J83: Алексеев Андрей | K83: =if(H83="","",NOT(ISNA(VLOOKUP(J83,'Команда'!G:G,1,false)))) -> TRUE | L83: =if(H83="","",sumifs(N83:BO83,N$2:BO$2,">"&$L$1)) -> 0 | M83: {=IF(H83="","",SUMif(year(N$2:BO$2),M$2,N83:BO83))} -> 0 | N83: 0.38 | O83: 0.38 | P83: 0 | X83: 19 | Y83: 22
A84: A | B84: jD ACRM | C84: ПП | D84: fix | E84: ACRM | F84: ACRM FIX | G84: ACRM FIX (Борисевич) | H84: ACRM FIX (Борисевич) | I84: Яковлева Елена | J84: Алексеев Андрей | K84: =if(H84="","",NOT(ISNA(VLOOKUP(J84,'Команда'!G:G,1,false)))) -> TRUE | L84: =if(H84="","",sumifs(N84:BO84,N$2:BO$2,">"&$L$1)) -> 0 | M84: {=IF(H84="","",SUMif(year(N$2:BO$2),M$2,N84:BO84))} -> 0 | N84: 0 | O84: 0 | P84: 2.25 | Q84: 1.8 | R84: 3.6 | S84: 3.6 | T84: 20.2 | U84: 17.4 | V84: 6.6
A85: A | B85: jAn ACRM | C85: ПП | D85: fix | E85: ACRM | F85: ACRM Импортозамещение | G85: ACRM Импортозамещение (Борисевич) | H85: ACRM Импортозамещение (Борисевич) | I85: Яковлева Елена | J85: Шульган Данил | K85: =if(H85="","",NOT(ISNA(VLOOKUP(J85,'Команда'!G:G,1,false)))) -> TRUE | L85: =if(H85="","",sumifs(N85:BO85,N$2:BO$2,">"&$L$1)) -> 0 | M85: {=IF(H85="","",SUMif(year(N$2:BO$2),M$2,N85:BO85))} -> 0 | N85: 13 | O85: 14.8 | P85: 10.5 | Q85: 16 | R85: 12 | S85: 8.5
A86: A | B86: jAn2 | C86: ПП | D86: t&m | E86: Шергунов | F86: Шергунов T&M | G86: Доработки ALM (Трифонова) | H86: Доработки ALM (Трифонова) | I86: Ярошевич Анжела | J86: Круглов Артём | K86: =if(H86="","",NOT(ISNA(VLOOKUP(J86,'Команда'!G:G,1,false)))) -> TRUE | L86: =if(H86="","",sumifs(N86:BO86,N$2:BO$2,">"&$L$1)) -> 0 | M86: {=IF(H86="","",SUMif(year(N$2:BO$2),M$2,N86:BO86))} -> 55 | W86: 1 | X86: 19 | Y86: 22 | Z86: 15 | AA86: 19 | AB86: 21
A87: D | B87: MD3 ACRM | C87: ПП | D87: fix | E87: ACRM | F87: ACRM Support | G87: ACRM Support (Борисевич) | H87: ACRM Support (Борисевич) | I87: Яковлева Елена | J87: Ципко Алина | K87: =if(H87="","",NOT(ISNA(VLOOKUP(J87,'Команда'!G:G,1,false)))) -> TRUE | L87: =if(H87="","",sumifs(N87:BO87,N$2:BO$2,">"&$L$1)) -> 0 | M87: {=IF(H87="","",SUMif(year(N$2:BO$2),M$2,N87:BO87))} -> 0 | N87: 0.75 | O87: 3.44
A88: D | B88: SD ACRM | C88: ПП | D88: fix | E88: ACRM | F88: ACRM Импортозамещение | G88: ACRM Импортозамещение (Борисевич) | H88: ACRM Импортозамещение (Борисевич) | I88: Яковлева Елена | J88: Алексеев Георгий | K88: =if(H88="","",NOT(ISNA(VLOOKUP(J88,'Команда'!G:G,1,false)))) -> TRUE | L88: =if(H88="","",sumifs(N88:BO88,N$2:BO$2,">"&$L$1)) -> 0 | M88: {=IF(H88="","",SUMif(year(N$2:BO$2),M$2,N88:BO88))} -> 0 | N88: 0.5 | O88: 0 | P88: 4 | Q88: 6
A89: A | B89: jAn2 ACRM | C89: ПП | D89: fix | E89: ACRM | F89: ACRM Импортозамещение | G89: ACRM Импортозамещение (Борисевич) | H89: ACRM Импортозамещение (Борисевич) | I89: Яковлева Елена | J89: Круглов Артём | K89: =if(H89="","",NOT(ISNA(VLOOKUP(J89,'Команда'!G:G,1,false)))) -> TRUE | L89: =if(H89="","",sumifs(N89:BO89,N$2:BO$2,">"&$L$1)) -> 0 | M89: {=IF(H89="","",SUMif(year(N$2:BO$2),M$2,N89:BO89))} -> 0 | N89: 0 | O89: 0 | P89: 1.51 | Q89: 11
A90: A | B90: jAn2 ACRM | C90: ПП | D90: fix | E90: ACRM | F90: ACRM FIX | G90: ACRM FIX (Борисевич) | H90: ACRM FIX (Борисевич) | I90: Яковлева Елена | J90: Круглов Артём | K90: =if(H90="","",NOT(ISNA(VLOOKUP(J90,'Команда'!G:G,1,false)))) -> TRUE | L90: =if(H90="","",sumifs(N90:BO90,N$2:BO$2,">"&$L$1)) -> 0 | M90: {=IF(H90="","",SUMif(year(N$2:BO$2),M$2,N90:BO90))} -> 0 | N90: 16.95 | O90: 19.94 | P90: 19.25 | Q90: 11 | R90: 4.5
A91: A | B91: SAn ACRM | C91: ПП | D91: fix | E91: ACRM | F91: ACRM FIX | G91: ACRM FIX (Борисевич) | H91: ACRM FIX (Борисевич) | I91: Яковлева Елена | J91: Цуба Виктория | K91: =if(H91="","",NOT(ISNA(VLOOKUP(J91,'Команда'!G:G,1,false)))) -> TRUE | L91: =if(H91="","",sumifs(N91:BO91,N$2:BO$2,">"&$L$1)) -> 0 | M91: {=IF(H91="","",SUMif(year(N$2:BO$2),M$2,N91:BO91))} -> 0 | N91: 0 | O91: 3 | P91: 4.27 | Q91: 15
A92: A | B92: AN3 | C92: ПП | D92: fix | E92: Горшенина+Яковлева | F92: Горшенина+Яковлева FIX | G92: Горшенина+Яковлева агрегатор (FIX) | H92: Горшенина+Яковлева агрегатор (FIX) | I92: Максимова Анастасия | J92: Кузнецов Александр | K92: =if(H92="","",NOT(ISNA(VLOOKUP(J92,'Команда'!G:G,1,false)))) -> TRUE | L92: =if(H92="","",sumifs(N92:BO92,N$2:BO$2,">"&$L$1)) -> 0 | M92: {=IF(H92="","",SUMif(year(N$2:BO$2),M$2,N92:BO92))} -> 117 | N92: 17 | O92: 20 | P92: 21 | Q92: 22 | R92: 18 | S92: 19 | T92: 23 | U92: 21 | V92: 22 | W92: 23 | X92: 19 | Y92: 22 | Z92: 15 | AA92: 19 | AB92: 21 | AC92: 22 | AD92: 19 | AE92: 21
A93: A | B93: AN3 | C93: ПП | D93: t&m | E93: Жалненков | F93: Жалненков T&M | G93: DMDC (Жалненков) | H93: DMDC (Жалненков) | I93: Иванюк Полина | J93: Кузнецов Александр | K93: =if(H93="","",NOT(ISNA(VLOOKUP(J93,'Команда'!G:G,1,false)))) -> TRUE | L93: =if(H93="","",sumifs(N93:BO93,N$2:BO$2,">"&$L$1)) -> 0 | M93: {=IF(H93="","",SUMif(year(N$2:BO$2),M$2,N93:BO93))} -> 34 | X93: 16 | Y93: 22 | Z93: 15 | AA93: 19
A94: A | B94: AN5 | C94: ПП | D94: t&m | E94: Жигалова | F94: Жигалова T&M | G94: Тригкред (Жигалова) | H94: Тригкред (Жигалова) | I94: Ярошевич Анжела | J94: Зык Любовь | K94: TRUE | L94: =if(H94="","",sumifs(N94:BO94,N$2:BO$2,">"&$L$1)) -> 0 | M94: {=IF(H94="","",SUMif(year(N$2:BO$2),M$2,N94:BO94))} -> 0 | N94: 17 | O94: 15
A95: D | B95: MAn2 | C95: ПП | D95: fix | E95: Аронова | F95: Аронова FIX | G95: Миграция RWA FIX (Аронова) | H95: Миграция RWA FIX (Аронова) | I95: Клименко Алексей | J95: Кузьмин Руслан | K95: =if(H95="","",NOT(ISNA(VLOOKUP(J95,'Команда'!G:G,1,false)))) -> TRUE | L95: =if(H95="","",sumifs(N95:BO95,N$2:BO$2,">"&$L$1)) -> 0 | M95: {=IF(H95="","",SUMif(year(N$2:BO$2),M$2,N95:BO95))} -> 44 | Z95: 15 | AA95: 19 | AB95: 10
A96: A | B96: AN | C96: ПП | D96: fix | E96: Горшенина+Яковлева | F96: Горшенина+Яковлева FIX | G96: Горшенина+Яковлева агрегатор (FIX) | H96: Горшенина+Яковлева агрегатор (FIX) | I96: Максимова Анастасия | J96: Усова Анастасия | K96: =if(H96="","",NOT(ISNA(VLOOKUP(J96,'Команда'!G:G,1,false)))) -> TRUE | L96: =if(H96="","",sumifs(N96:BO96,N$2:BO$2,">"&$L$1)) -> 0 | M96: {=IF(H96="","",SUMif(year(N$2:BO$2),M$2,N96:BO96))} -> 53 | N96: 17 | O96: 20 | P96: 21 | Q96: 22 | R96: 18 | S96: 19 | T96: 23 | U96: 21 | V96: 3 | Z96: 5 | AA96: 12 | AB96: 15 | AC96: 21
A97: A | B97: AN3 | C97: ПП | D97: t&m | E97: Жалненков | F97: Жалненков T&M | G97: DMDC (Жалненков) | H97: DMDC (Жалненков) | I97: Иванюк Полина | J97: Куликов Михаил | K97: =if(H97="","",NOT(ISNA(VLOOKUP(J97,'Команда'!G:G,1,false)))) -> TRUE | L97: =if(H97="","",sumifs(N97:BO97,N$2:BO$2,">"&$L$1)) -> 0 | M97: {=IF(H97="","",SUMif(year(N$2:BO$2),M$2,N97:BO97))} -> 34 | X97: 16 | Y97: 22 | Z97: 15 | AA97: 19
A98: D | B98: AN | C98: ПП | D98: fix | E98: Горшенина+Яковлева | F98: Горшенина+Яковлева FIX | G98: ЕИС FIX (Горшенина) | H98: ЕИС FIX (Горшенина) | I98: Бакулевская Алина | J98: Захаренков Владислав | K98: =if(H98="","",NOT(ISNA(VLOOKUP(J98,'Команда'!G:G,1,false)))) -> TRUE | L98: =if(H98="","",sumifs(N98:BO98,N$2:BO$2,">"&$L$1)) -> 0 | M98: {=IF(H98="","",SUMif(year(N$2:BO$2),M$2,N98:BO98))} -> 0 | N98: 17 | O98: 20 | P98: 21 | Q98: 22 | R98: 18 | S98: 19 | T98: 23 | U98: 21 | V98: 22 | W98: 23 | X98: 14
A99: A | B99: TL | C99: ПП | D99: t&m | E99: Рыбченко | F99: Рыбченко T&M | G99: Голограмма (Рыбченко) | H99: Голограмма (Мельник) | I99: Ярошевич Анжела | J99: Сакульская Валерия | K99: FALSE | L99: =if(H99="","",sumifs(N99:BO99,N$2:BO$2,">"&$L$1)) -> 0 | M99: {=IF(H99="","",SUMif(year(N$2:BO$2),M$2,N99:BO99))} -> 0 | N99: 17 | O99: 20 | P99: 10
A100: A | B100: jAn2 | C100: ПП | D100: t&m | E100: Рыбченко | F100: Рыбченко T&M | G100: Голограмма (Рыбченко) | H100: Голограмма (Мельник) | I100: Ярошевич Анжела | J100: Соловьева Ирина | K100: =if(H100="","",NOT(ISNA(VLOOKUP(J100,'Команда'!G:G,1,false)))) -> TRUE | L100: =if(H100="","",sumifs(N100:BO100,N$2:BO$2,">"&$L$1)) -> 0 | M100: {=IF(H100="","",SUMif(year(N$2:BO$2),M$2,N100:BO100))} -> 0 | N100: 17 | O100: 20 | P100: 21 | Q100: 22 | R100: 18 | S100: 16 | T100: 13 | U100: 16
...
